id;login;pseudo;first_name;last_name;birth_date;id_type;id_value
1;ouin;sage trop peu sans que;Dorothée;Laine;2026-04-23;BIRTH_CERTIFICATE;rectangulaire
2;à l'exception de secours;conseil d’administration rudement terne;Amandine;Deschamps;2026-04-22;PROVISIONAL_PARENT_LINK;camarade aux alentours de
3;tant aussitôt que vouh;au point que autour de tellement;Herluin;Gerard;2026-04-23;NIN;deçà tchou tchouu
4;évoluer en cyan;apprécier aussitôt que;Rolande;Martinez;2026-04-22;BIRTH_CERTIFICATE;de façon à
5;impromptu;toc-toc insolite démontrer;Brice;Bonnet;2026-04-23;BIRTH_CERTIFICATE;svelte lunatique durant
6;grâce à conseil d’administration pourpre;au point que ouille assez;Lucie;Riviere;2026-04-23;PROVISIONAL_PARENT_LINK;fort
7;contester glouglou;adversaire afin que;Leu;Leclercq;2026-04-22;BIRTH_CERTIFICATE;diplomate cueillir ha ha
8;commis de cuisine;soulever officier coin-coin;Marthe;Huet;2026-04-23;NIN;en decà de fourbe
9;partenaire toc;svelte communauté étudiante apparemment;Élia;Noel;2026-04-23;BIRTH_CERTIFICATE;communauté étudiante afin que paf
10;hystérique;concernant d’autant que exécuter;Jean;Moulin;2026-04-22;BIRTH_CERTIFICATE;dispenser
